40.2460352,-111.639872,nan,nan,-81,6,252,39:47.0,2022-12-01 08:13:57.768528
40.2460352,-111.639872,nan,nan,-84,5.25,251,39:46.0,2022-12-01 08:13:57.771843
40.2460352,-111.639872,nan,nan,-86,6.25,250,39:45.0,2022-12-01 08:13:57.772861
40.2460352,-111.639872,nan,nan,-83,6,249,39:44.0,2022-12-01 08:13:57.773839
40.2460352,-111.639872,nan,nan,-79,6.25,248,39:43.0,2022-12-01 08:13:57.773839
40.2460352,-111.639872,nan,nan,-85,6.25,247,39:42.0,2022-12-01 08:13:57.774836
40.2460352,-111.639872,nan,nan,-75,6.25,246,39:41.0,2022-12-01 08:13:57.775834
40.2460352,-111.639872,nan,nan,-74,6,245,39:40.0,2022-12-01 08:13:57.775834
40.2460352,-111.639872,nan,nan,-73,6.5,244,39:39.1,2022-12-01 08:13:57.776830
40.2460352,-111.639872,nan,nan,-82,6,243,39:38.1,2022-12-01 08:13:57.777829
40.2460352,-111.639872,nan,nan,-76,6.5,242,39:37.1,2022-12-01 08:13:57.777829
40.2460352,-111.639872,nan,nan,-85,6,241,39:36.1,2022-12-01 08:13:57.778827
40.2460352,-111.639872,nan,nan,-73,6.5,240,39:35.1,2022-12-01 08:13:57.779822
40.2460352,-111.639872,nan,nan,-85,5.75,239,39:34.1,2022-12-01 08:13:57.779822
40.2460352,-111.639872,nan,nan,-97,4.5,238,39:33.1,2022-12-01 08:13:57.780819
40.2460352,-111.639872,nan,nan,-81,6,237,39:32.1,2022-12-01 08:13:57.780819
40.2460352,-111.639872,nan,nan,-78,6,236,39:31.7,2022-12-01 08:13:57.781817
40.2460352,-111.639872,-41,nan,-79,6.5,235,39:30.4,2022-12-01 08:13:57.782814
40.2460352,-111.639872,-40,-44,-81,6.5,234,39:29.3,2022-12-01 08:13:59.070234
40.2460352,-111.639872,nan,-44,-88,6.25,233,39:28.1,2022-12-01 08:14:00.023747
40.2460352,-111.639872,nan,nan,-92,5.5,232,39:27.1,2022-12-01 08:14:00.915920
40.2460352,-111.639872,nan,nan,-88,5.5,231,39:26.1,2022-12-01 08:14:00.916918
40.2460352,-111.639872,nan,nan,-88,6.5,230,39:25.1,2022-12-01 08:14:00.916918
40.2460352,-111.639872,nan,nan,-88,6,229,39:24.1,2022-12-01 08:14:00.917915
40.2460352,-111.639872,nan,nan,-99,5,228,39:23.1,2022-12-01 08:14:00.918917
40.2460352,-111.639872,nan,nan,-85,5.25,227,39:22.1,2022-12-01 08:14:00.919909
40.2460352,-111.639872,nan,nan,-91,5.75,226,39:21.2,2022-12-01 08:14:00.919909
40.2460352,-111.639872,nan,nan,-90,4.75,225,39:20.2,2022-12-01 08:14:00.920906
40.2460352,-111.639872,nan,nan,-99,4.5,224,39:19.2,2022-12-01 08:14:00.920906
40.2460352,-111.639872,nan,nan,-92,6,223,39:18.2,2022-12-01 08:14:00.921905
40.2460352,-111.639872,nan,nan,-86,6,222,39:17.2,2022-12-01 08:14:00.922904
40.2460352,-111.639872,nan,nan,-93,6,221,39:16.2,2022-12-01 08:14:00.923900
40.2460352,-111.639872,nan,nan,-88,5.75,220,39:15.3,2022-12-01 08:14:00.923900
40.2460352,-111.639872,-41,-49,-97,5.5,219,39:14.2,2022-12-01 08:14:00.924896
40.2460352,-111.639872,nan,nan,-86,6.25,218,39:13.2,2022-12-01 08:14:01.803561
40.2460352,-111.639872,nan,nan,-84,6.25,217,39:12.2,2022-12-01 08:14:01.816060
40.2460352,-111.639872,nan,nan,-84,6,216,39:11.2,2022-12-01 08:14:01.817057
40.2460352,-111.639872,nan,nan,-80,6,215,39:10.2,2022-12-01 08:14:01.817057
40.2460384,-111.639936,nan,nan,-85,4.75,213,39:07.4,2022-12-01 08:14:01.818054
40.2460384,-111.6399616,nan,nan,-81,6,212,39:06.4,2022-12-01 08:14:01.819051
40.2460384,-111.6399616,nan,nan,-84,6.5,211,39:05.4,2022-12-01 08:14:01.819051
40.2460416,-111.64,nan,nan,-88,5.75,210,39:04.6,2022-12-01 08:14:01.820048
40.2460448,-111.640064,-42,-44,-96,4.25,209,39:03.4,2022-12-01 08:14:01.822044
40.2460576,-111.6401024,-43,-44,-90,5.75,208,39:02.3,2022-12-01 08:14:02.913560
40.246064,-111.640192,nan,nan,-79,6.5,207,39:01.3,2022-12-01 08:14:03.898631
40.246064,-111.640192,nan,nan,-79,6,206,38:59.8,2022-12-01 08:14:03.899628
40.246064,-111.640192,nan,nan,-79,6.5,205,38:58.8,2022-12-01 08:14:03.900625
40.2460672,-111.6402176,nan,nan,-81,5.75,204,38:57.8,2022-12-01 08:14:03.900625
40.2460768,-111.6402688,nan,nan,-80,6.25,203,38:56.3,2022-12-01 08:14:03.901623
40.2460768,-111.6402944,nan,nan,-80,6.25,202,38:55.3,2022-12-01 08:14:03.902620
40.2460768,-111.6403072,nan,nan,-83,6.25,201,38:54.3,2022-12-01 08:14:03.902620
40.2460768,-111.6403072,nan,nan,-89,6,200,38:53.2,2022-12-01 08:14:03.903618
40.2460704,-111.6402816,nan,nan,-84,6.5,198,38:50.4,2022-12-01 08:14:03.904615
40.2460704,-111.6402816,nan,nan,-82,6.25,197,38:49.4,2022-12-01 08:14:03.904615
40.2460576,-111.6402688,nan,nan,-83,6.75,196,38:48.4,2022-12-01 08:14:03.905612
40.2460224,-111.6402048,nan,nan,-85,6,195,38:47.3,2022-12-01 08:14:03.906610
40.2460128,-111.6401792,nan,nan,-81,6.5,194,38:46.3,2022-12-01 08:14:03.906610
40.2460096,-111.6401664,nan,nan,-97,4.75,193,38:46.2,2022-12-01 08:14:03.907608
40.2460128,-111.6401664,-51,-50,-87,6,192,38:44.8,2022-12-01 08:14:03.908608
40.2460128,-111.6401664,-49,-51,-93,4.5,191,38:43.2,2022-12-01 08:14:04.820190
40.245968,-111.6402048,nan,nan,-80,6.5,189,38:40.4,2022-12-01 08:14:05.696054
40.245968,-111.6402048,nan,nan,-80,6.5,188,38:39.4,2022-12-01 08:14:05.696054
40.2459552,-111.6402048,nan,nan,-80,6.25,187,38:38.7,2022-12-01 08:14:05.703296
40.24592,-111.6402176,-47,-47,-80,7,186,38:37.4,2022-12-01 08:14:05.704292
40.24592,-111.6402176,-46,-47,-81,6.5,185,38:36.3,2022-12-01 08:14:06.624399
40.24592,-111.6402176,nan,nan,-85,6,184,38:35.2,2022-12-01 08:14:07.537148
40.2459392,-111.6402176,nan,nan,-87,5.25,182,38:32.4,2022-12-01 08:14:07.543863
40.2459392,-111.6402176,nan,nan,-88,5.75,181,38:31.4,2022-12-01 08:14:07.544858
40.2459392,-111.6402176,nan,nan,-86,6,180,38:30.4,2022-12-01 08:14:07.544858
40.2459392,-111.6402176,nan,nan,-85,5.75,179,38:29.4,2022-12-01 08:14:07.545857
40.2459424,-111.6402176,nan,nan,-81,5.75,178,38:28.3,2022-12-01 08:14:07.546853
40.2459488,-111.6402176,nan,nan,-76,6.25,177,38:27.3,2022-12-01 08:14:07.547852
40.2459584,-111.6402176,nan,nan,-79,6.5,176,38:26.3,2022-12-01 08:14:07.548854
40.2459584,-111.6402176,nan,nan,-76,7,175,38:24.8,2022-12-01 08:14:07.549846
40.2459584,-111.6402176,nan,nan,-74,6.5,174,38:23.8,2022-12-01 08:14:07.549846
40.2459488,-111.6402048,nan,nan,-76,6.5,173,38:22.8,2022-12-01 08:14:07.550844
40.2459136,-111.6401536,nan,nan,-76,6.25,172,38:21.4,2022-12-01 08:14:07.551840
40.2459136,-111.6401536,nan,nan,-75,6.25,171,38:20.4,2022-12-01 08:14:07.551840
40.245888,-111.6401152,nan,nan,-75,6.25,170,38:19.4,2022-12-01 08:14:07.552838
40.2458464,-111.6400256,nan,nan,-79,5.75,169,38:18.3,2022-12-01 08:14:07.553847
40.2458336,-111.6399744,nan,nan,-76,6.75,168,38:17.3,2022-12-01 08:14:07.555830
40.2457984,-111.6398848,nan,nan,-80,6.5,167,38:16.3,2022-12-01 08:14:07.555830
40.2457984,-111.6398848,-44,-40,-78,6,166,38:14.8,2022-12-01 08:14:07.556828
40.2457984,-111.6398848,nan,nan,-74,5.75,165,38:13.8,2022-12-01 08:14:08.459816
40.2457888,-111.639872,nan,nan,-78,5.5,164,38:12.8,2022-12-01 08:14:08.459816
40.2457664,-111.6398336,nan,nan,-75,6.25,163,38:12.1,2022-12-01 08:14:08.462207
40.2457664,-111.6398336,-46,-44,-72,6.5,162,38:10.3,2022-12-01 08:14:08.462207
40.245744,-111.6398208,nan,nan,-83,5.75,160,38:07.4,2022-12-01 08:14:09.359334
40.2457152,-111.6398208,nan,nan,-87,6.5,159,38:06.4,2022-12-01 08:14:09.359334
40.2457152,-111.6398208,nan,nan,-90,5.5,158,38:05.4,2022-12-01 08:14:09.360334
40.24568,-111.6398208,nan,nan,-85,6.5,157,38:04.4,2022-12-01 08:14:09.361329
40.245616,-111.639808,nan,nan,-88,5.5,156,38:03.3,2022-12-01 08:14:09.362326
40.2456,-111.6397952,nan,nan,-99,3.75,155,38:02.3,2022-12-01 08:14:09.362326
40.2455904,-111.6397952,nan,nan,-96,4.5,154,38:01.3,2022-12-01 08:14:09.363323
40.2455904,-111.6397952,nan,nan,-93,6,153,37:59.7,2022-12-01 08:14:09.364322
40.2456032,-111.6397952,nan,nan,-92,6,152,37:58.7,2022-12-01 08:14:09.365321
40.2456672,-111.6397824,nan,nan,-98,5,151,37:57.7,2022-12-01 08:14:09.366316
40.2456672,-111.6397824,nan,nan,-84,5.75,150,37:56.7,2022-12-01 08:14:09.367313
40.2456672,-111.6397824,nan,nan,-88,6,149,37:55.7,2022-12-01 08:14:09.368315
40.2456672,-111.6397824,nan,nan,-92,5.25,148,37:54.7,2022-12-01 08:14:09.369307
40.2456672,-111.6397824,nan,nan,-89,5.25,147,37:53.7,2022-12-01 08:14:09.370305
40.2456256,-111.6398464,nan,nan,-88,5.5,146,37:52.7,2022-12-01 08:14:09.371303
40.2456256,-111.6398464,nan,nan,-86,6.5,145,37:51.8,2022-12-01 08:14:09.371303
40.2456256,-111.6398464,nan,nan,-84,6.25,144,37:50.8,2022-12-01 08:14:09.372301
40.2456256,-111.6398464,nan,nan,-94,6,143,37:49.8,2022-12-01 08:14:09.373296
40.2456256,-111.6398464,nan,nan,-83,6.75,142,37:48.8,2022-12-01 08:14:09.374294
40.2454336,-111.6398848,nan,nan,-83,6,141,37:47.8,2022-12-01 08:14:09.375293
40.2454336,-111.6398848,nan,nan,-84,6.5,140,37:47.6,2022-12-01 08:14:09.376288
40.2454336,-111.6398848,-59,-55,-84,5.75,139,37:46.3,2022-12-01 08:14:09.376288
40.2454336,-111.6398848,-59,-55,-99,4.75,138,37:44.8,2022-12-01 08:14:10.349722
40.2454336,-111.6398848,nan,nan,-93,5.75,137,37:43.8,2022-12-01 08:14:11.398571
40.2454848,-111.639872,nan,nan,-98,4.25,136,37:42.8,2022-12-01 08:14:11.399568
40.2454848,-111.639872,nan,nan,-100,5,135,37:41.8,2022-12-01 08:14:11.399568
40.2454848,-111.639872,nan,nan,-94,6,134,37:40.8,2022-12-01 08:14:11.400565
40.2454848,-111.639872,nan,nan,-88,6.25,133,37:39.8,2022-12-01 08:14:11.401562
40.2454848,-111.639872,nan,nan,-86,6,132,37:38.8,2022-12-01 08:14:11.401562
40.2457152,-111.6398208,nan,nan,-91,5.75,131,37:37.8,2022-12-01 08:14:11.402560
40.2457152,-111.6398208,nan,nan,-96,5.25,130,37:36.8,2022-12-01 08:14:11.403557
40.2457152,-111.6398208,nan,nan,-93,6,129,37:35.8,2022-12-01 08:14:11.404554
40.2457152,-111.6398208,nan,nan,-90,6,128,37:34.8,2022-12-01 08:14:11.405552
40.2457152,-111.6398208,nan,nan,-90,6.25,127,37:33.8,2022-12-01 08:14:11.406549
40.2459168,-111.6399616,nan,nan,-88,6.5,126,37:32.9,2022-12-01 08:14:11.407547
40.2459168,-111.6399616,nan,nan,-84,6,125,37:31.9,2022-12-01 08:14:11.407547
40.2459168,-111.6399616,nan,nan,-79,6.5,124,37:30.9,2022-12-01 08:14:11.408544
40.2459168,-111.6399616,nan,nan,-76,6.5,123,37:29.9,2022-12-01 08:14:11.412534
40.2459168,-111.6399616,nan,nan,-75,6.5,122,37:28.9,2022-12-01 08:14:11.413531
40.2459168,-111.6399616,nan,nan,-79,6.75,121,37:27.9,2022-12-01 08:14:11.414528
40.2459168,-111.6399616,nan,nan,-79,6.75,120,37:26.9,2022-12-01 08:14:11.415525
40.2459168,-111.6399616,nan,nan,-75,6,119,37:25.9,2022-12-01 08:14:11.416522
40.2459168,-111.6399616,nan,nan,-76,7.25,118,37:24.9,2022-12-01 08:14:11.416522
40.2459168,-111.6399616,nan,nan,-80,6.75,117,37:23.9,2022-12-01 08:14:11.417519
40.2459168,-111.6399616,nan,nan,-81,6.5,116,37:22.9,2022-12-01 08:14:11.418517
40.2459168,-111.6399616,nan,nan,-86,6.75,115,37:21.9,2022-12-01 08:14:11.419514
40.2459168,-111.6399616,nan,nan,-91,6.25,114,37:21.4,2022-12-01 08:14:11.420513
40.2459168,-111.6399616,-54,nan,-86,5.5,113,37:20.3,2022-12-01 08:14:11.420513
40.2459168,-111.6399616,-54,-56,-89,6.5,112,37:19.1,2022-12-01 08:14:12.456173
40.2459168,-111.6399616,nan,-56,-84,6.75,111,37:17.9,2022-12-01 08:14:13.447549
40.2459168,-111.6399616,nan,nan,-85,5.75,110,37:17.3,2022-12-01 08:14:14.389053
40.2459168,-111.6399616,-64,-70,-85,6,109,37:16.1,2022-12-01 08:14:14.393375
40.2459168,-111.6399616,-65,-70,-87,6.5,108,37:14.9,2022-12-01 08:14:15.281694
40.2459168,-111.6399616,nan,nan,-96,6.25,107,37:13.9,2022-12-01 08:14:16.284472
40.2459168,-111.6399616,nan,nan,-86,5.75,106,37:12.9,2022-12-01 08:14:16.284472
40.2459168,-111.6399616,nan,nan,-83,6,105,37:11.9,2022-12-01 08:14:16.295257
40.2459168,-111.6399616,nan,nan,-83,6,104,37:10.9,2022-12-01 08:14:16.295257
40.2459168,-111.6399616,nan,nan,-84,6,103,37:10.0,2022-12-01 08:14:16.296253
40.2459168,-111.6399616,nan,nan,-83,6.5,102,37:09.0,2022-12-01 08:14:16.297251
40.2459168,-111.6399616,nan,nan,-83,6.25,101,37:08.0,2022-12-01 08:14:16.297251
40.2459168,-111.6399616,nan,nan,-86,5.75,100,37:07.0,2022-12-01 08:14:16.298248
40.2459168,-111.6399616,nan,nan,-86,6.25,99,37:06.0,2022-12-01 08:14:16.299248
40.2459168,-111.6399616,nan,nan,-87,6.25,98,37:05.0,2022-12-01 08:14:16.301241
40.2459168,-111.6399616,nan,nan,-82,6.5,97,37:04.0,2022-12-01 08:14:16.301241
40.2459168,-111.6399616,nan,nan,-80,6.5,96,37:03.0,2022-12-01 08:14:16.302245
40.2459168,-111.6399616,nan,nan,-77,6.25,95,37:02.0,2022-12-01 08:14:16.303240
40.2459168,-111.6399616,nan,nan,-77,6.75,94,37:01.0,2022-12-01 08:14:16.304232
40.2459168,-111.6399616,nan,nan,-77,6.75,93,37:00.0,2022-12-01 08:14:16.305231
40.2459168,-111.6399616,nan,nan,-77,6.5,92,36:59.0,2022-12-01 08:14:16.306227
40.2459168,-111.6399616,nan,nan,-73,6.5,91,36:58.0,2022-12-01 08:14:16.306227
40.2459168,-111.6399616,nan,nan,-76,6.25,90,36:57.1,2022-12-01 08:14:16.307223
40.2459168,-111.6399616,nan,nan,-74,6.5,89,36:56.1,2022-12-01 08:14:16.308221
40.2459168,-111.6399616,nan,nan,-75,6.25,88,36:56.0,2022-12-01 08:14:16.309218
40.2459168,-111.6399616,-41,-39,-74,5.75,87,36:54.7,2022-12-01 08:14:16.309218
40.2459168,-111.6399616,-41,-39,-81,6.5,86,36:53.4,2022-12-01 08:14:17.202746
40.2459168,-111.6399616,-41,-39,-79,6,85,36:52.1,2022-12-01 08:14:18.115546
40.2459168,-111.6399616,nan,nan,-76,6.5,84,36:51.0,2022-12-01 08:14:19.013538
40.2459168,-111.6399616,nan,nan,-82,6.75,83,36:50.1,2022-12-01 08:14:19.025068
40.2459168,-111.6399616,nan,nan,-88,6.25,82,36:49.1,2022-12-01 08:14:19.025068
40.2459168,-111.6399616,nan,nan,-83,6.25,81,36:48.1,2022-12-01 08:14:19.026064
40.2459168,-111.6399616,nan,nan,-85,6,80,36:47.1,2022-12-01 08:14:19.027061
40.2459168,-111.6399616,nan,nan,-79,6.5,79,36:46.1,2022-12-01 08:14:19.028060
40.2459168,-111.6399616,nan,nan,-81,6.5,78,36:45.5,2022-12-01 08:14:19.028060
40.2459168,-111.6399616,-47,-45,-80,6.25,77,36:44.1,2022-12-01 08:14:19.029058
40.2459168,-111.6399616,nan,nan,-81,6.5,76,36:43.1,2022-12-01 08:14:19.928624
40.2459168,-111.6399616,nan,nan,-80,6.5,75,36:42.1,2022-12-01 08:14:19.944245
40.2459168,-111.6399616,nan,nan,-81,6.25,74,36:41.1,2022-12-01 08:14:19.944850
40.2459168,-111.6399616,nan,nan,-80,6,73,36:40.4,2022-12-01 08:14:19.945847
40.2459168,-111.6399616,-52,-52,-85,6.5,72,36:39.1,2022-12-01 08:14:19.945847
40.2459168,-111.6399616,nan,nan,-85,6.25,71,36:38.1,2022-12-01 08:14:20.843341
40.2459168,-111.6399616,nan,nan,-86,5.75,70,36:37.1,2022-12-01 08:14:20.853489
40.2459168,-111.6399616,nan,nan,-82,6.75,69,36:36.1,2022-12-01 08:14:20.853489
40.2459168,-111.6399616,nan,nan,-82,7,68,36:35.1,2022-12-01 08:14:20.854486
40.2459168,-111.6399616,nan,nan,-80,6.5,67,36:34.1,2022-12-01 08:14:20.855483
40.2459168,-111.6399616,nan,nan,-81,6.25,66,36:33.2,2022-12-01 08:14:20.856481
40.2459168,-111.6399616,nan,nan,-83,6.5,65,36:32.2,2022-12-01 08:14:20.856481
40.2459168,-111.6399616,nan,nan,-81,6.5,64,36:31.2,2022-12-01 08:14:20.858490
40.2459168,-111.6399616,nan,nan,-81,6.25,63,36:30.2,2022-12-01 08:14:20.859473
40.2459168,-111.6399616,nan,nan,-83,6.25,62,36:29.2,2022-12-01 08:14:20.860473
40.2459168,-111.6399616,nan,nan,-89,6.25,61,36:29.1,2022-12-01 08:14:20.861467
40.2459168,-111.6399616,-48,-50,-87,6,60,36:27.6,2022-12-01 08:14:20.862466
40.2459168,-111.6399616,-48,-50,-91,5.75,59,36:26.2,2022-12-01 08:14:21.789986
40.2459072,-111.639872,nan,nan,-87,6.25,58,36:25.2,2022-12-01 08:14:22.692148
40.2459072,-111.639872,nan,nan,-87,6,57,36:24.2,2022-12-01 08:14:22.692148
40.2459072,-111.639872,nan,nan,-84,6,56,36:23.2,2022-12-01 08:14:22.693146
40.2459072,-111.639872,nan,nan,-81,6,55,36:22.2,2022-12-01 08:14:22.694145
40.2459072,-111.639872,nan,nan,-78,6,54,36:21.2,2022-12-01 08:14:22.694145
40.2459072,-111.639872,nan,nan,-77,6.25,53,36:20.2,2022-12-01 08:14:22.695141
40.2459072,-111.639872,nan,nan,-72,6,50,36:17.7,2022-12-01 08:14:22.696147
40.2459072,-111.639872,-37,-39,-73,6.5,49,36:16.2,2022-12-01 08:14:22.697139
40.2459104,-111.6398848,-37,-39,-74,6.75,48,36:14.5,2022-12-01 08:14:23.587566
40.245904,-111.6399104,nan,nan,-73,6.25,47,36:13.3,2022-12-01 08:14:24.501870
40.245904,-111.6399488,nan,nan,-73,6.75,46,36:12.3,2022-12-01 08:14:24.515887
40.2459008,-111.6400512,nan,nan,-80,5.5,45,36:11.3,2022-12-01 08:14:24.515887
40.2459008,-111.6400512,nan,nan,-83,6.25,44,36:09.8,2022-12-01 08:14:24.516882
40.2459008,-111.6400512,nan,nan,-80,6.75,43,36:08.8,2022-12-01 08:14:24.518881
40.2458272,-111.6396928,nan,nan,-83,6.5,42,36:07.8,2022-12-01 08:14:24.519877
40.2458272,-111.6396928,nan,nan,-85,6.75,41,36:06.8,2022-12-01 08:14:24.520872
40.2458272,-111.6396928,nan,nan,-85,6.5,40,36:05.9,2022-12-01 08:14:24.521882
40.2458272,-111.6396928,nan,nan,-85,7,39,36:04.9,2022-12-01 08:14:24.522869
40.2458272,-111.6396928,nan,nan,-81,6.5,38,36:03.9,2022-12-01 08:14:24.523864
40.2458272,-111.6396928,nan,nan,-81,6,36,36:03.0,2022-12-01 08:14:24.523864
40.2458272,-111.6396928,-48,-55,-83,6.5,35,36:01.4,2022-12-01 08:14:24.524862
40.2458272,-111.6396928,-49,-55,-96,5.75,34,35:59.9,2022-12-01 08:14:25.434247
40.2458272,-111.6396928,nan,nan,-90,6.5,33,35:58.9,2022-12-01 08:14:26.411703
40.2458272,-111.6396928,nan,nan,-100,4.75,32,35:57.9,2022-12-01 08:14:26.423130
40.2458272,-111.6396928,nan,nan,-86,6.75,31,35:56.9,2022-12-01 08:14:26.423130
40.2458272,-111.6396928,nan,nan,-89,6.25,30,35:55.9,2022-12-01 08:14:26.424127
40.2458272,-111.6396928,nan,nan,-83,6.5,29,35:54.9,2022-12-01 08:14:26.425123
40.2458272,-111.6396928,nan,nan,-77,6.75,28,35:53.9,2022-12-01 08:14:26.426121
40.2458272,-111.6396928,nan,nan,-75,6.25,27,35:52.9,2022-12-01 08:14:26.426121
40.2458272,-111.6396928,nan,nan,-77,6.25,26,35:51.9,2022-12-01 08:14:26.427119
40.2458272,-111.6396928,nan,nan,-81,6,25,35:50.9,2022-12-01 08:14:26.429114
40.2458272,-111.6396928,nan,nan,-72,6.75,24,35:50.0,2022-12-01 08:14:26.429114
40.2458272,-111.6396928,nan,nan,-70,6.25,23,35:49.0,2022-12-01 08:14:26.430110
40.2458272,-111.6396928,nan,nan,-71,6.75,22,35:48.0,2022-12-01 08:14:26.431112
40.2458272,-111.6396928,nan,nan,-73,6.75,21,35:47.0,2022-12-01 08:14:26.432105
40.2458272,-111.6396928,nan,nan,-75,6.75,20,35:46.7,2022-12-01 08:14:26.433103
40.2458272,-111.6396928,-39,nan,-75,6.25,19,35:45.3,2022-12-01 08:14:26.433103
40.2458272,-111.6396928,nan,-39,-77,6.25,18,35:44.0,2022-12-01 08:14:27.379180
40.2458272,-111.6396928,nan,nan,-76,6.5,17,35:43.0,2022-12-01 08:14:28.331506
40.2458272,-111.6396928,nan,nan,-74,6.75,16,35:42.0,2022-12-01 08:14:28.340465
40.2458272,-111.6396928,nan,nan,-74,6,15,35:41.0,2022-12-01 08:14:28.341461
40.2458272,-111.6396928,nan,nan,-75,6.75,14,35:40.0,2022-12-01 08:14:28.341461
40.2458272,-111.6396928,nan,nan,-75,7,13,35:39.0,2022-12-01 08:14:28.343461
40.2458272,-111.6396928,nan,nan,-76,6.75,12,35:38.0,2022-12-01 08:14:28.344453
40.2458272,-111.6396928,nan,nan,-84,6.25,11,35:37.0,2022-12-01 08:14:28.345451
40.2458272,-111.6396928,nan,nan,-85,6.25,10,35:36.7,2022-12-01 08:14:28.346449
40.2458272,-111.6396928,-48,-46,-88,6,9,35:35.4,2022-12-01 08:14:28.347452
40.2458272,-111.6396928,-48,-46,-89,5.5,8,35:34.0,2022-12-01 08:14:29.241759
40.2458272,-111.6396928,nan,nan,-96,5,7,35:33.0,2022-12-01 08:14:30.156466
40.2458272,-111.6396928,nan,nan,-91,5.75,6,35:32.0,2022-12-01 08:14:30.156466
40.2458272,-111.6396928,nan,nan,-88,5.75,5,35:31.1,2022-12-01 08:14:30.156466
40.2458272,-111.6396928,nan,nan,-88,6,4,35:30.1,2022-12-01 08:14:30.171660
40.2458272,-111.6396928,nan,nan,-86,6.75,3,35:29.1,2022-12-01 08:14:30.172662
40.2458272,-111.6396928,nan,nan,-84,6,2,35:28.1,2022-12-01 08:14:30.173656
40.2458272,-111.6396928,nan,nan,-89,5.75,1,35:27.1,2022-12-01 08:14:30.174651
40.2458272,-111.6396928,nan,nan,-86,6,0,35:26.1,2022-12-01 08:14:30.175649
40.2458272,-111.6396928,nan,nan,-86,6.25,255,35:25.1,2022-12-01 08:14:30.176646
40.2458272,-111.6396928,nan,nan,-96,5.75,254,35:24.1,2022-12-01 08:14:30.177656
40.2458272,-111.6396928,nan,nan,-92,6.25,253,35:23.1,2022-12-01 08:14:30.178642
40.2458272,-111.6396928,nan,nan,-86,6.25,252,35:22.1,2022-12-01 08:14:30.178642
40.2458272,-111.6396928,nan,nan,-81,6.25,251,35:21.1,2022-12-01 08:14:30.179639
40.2458272,-111.6396928,nan,nan,-75,6.25,250,35:20.1,2022-12-01 08:14:30.180635
40.2458272,-111.6396928,nan,nan,-70,6.5,249,35:19.2,2022-12-01 08:14:30.181632
40.2458272,-111.6396928,nan,nan,-77,6,248,35:18.2,2022-12-01 08:14:30.182630
40.2458272,-111.6396928,nan,nan,-80,6.25,247,35:17.2,2022-12-01 08:14:30.182630
40.2458272,-111.6396928,nan,nan,-72,6.25,246,35:16.2,2022-12-01 08:14:30.183626
40.2458272,-111.6396928,nan,nan,-87,6.25,245,35:15.5,2022-12-01 08:14:30.184623
40.2458272,-111.6396928,-49,-37,-89,6.25,244,35:14.2,2022-12-01 08:14:30.185621
40.2458272,-111.6396928,nan,nan,-81,6.5,243,35:13.2,2022-12-01 08:14:31.136951
40.2458272,-111.6396928,nan,nan,-73,6.25,242,35:12.2,2022-12-01 08:14:31.136951
40.2458272,-111.6396928,nan,nan,-69,6.25,241,35:11.2,2022-12-01 08:14:31.141468
40.2458272,-111.6396928,nan,nan,-69,6.75,240,35:11.1,2022-12-01 08:14:31.142465
40.2458272,-111.6396928,-52,-47,-73,6.25,239,35:09.6,2022-12-01 08:14:31.142465
40.2458272,-111.6396928,-52,-48,-76,6.5,238,35:08.2,2022-12-01 08:14:32.086694
40.2458272,-111.6396928,nan,nan,-80,6,237,35:07.2,2022-12-01 08:14:33.001505
40.2458272,-111.6396928,nan,nan,-82,6.5,236,35:06.2,2022-12-01 08:14:33.006801
40.2458272,-111.6396928,nan,nan,-92,6,235,35:05.2,2022-12-01 08:14:33.007797
40.2458272,-111.6396928,nan,nan,-86,6.25,234,35:04.2,2022-12-01 08:14:33.007797
40.2458272,-111.6396928,nan,nan,-78,6.75,233,35:03.2,2022-12-01 08:14:33.008795
40.2458272,-111.6396928,nan,nan,-76,6.25,232,35:02.2,2022-12-01 08:14:33.009792
40.2458272,-111.6396928,nan,nan,-77,6.25,231,35:01.2,2022-12-01 08:14:33.010790
40.2458272,-111.6396928,nan,nan,-82,6.5,230,35:00.2,2022-12-01 08:14:33.010790
40.2458272,-111.6397056,nan,nan,-77,6.75,228,34:57.4,2022-12-01 08:14:33.011798
40.2458272,-111.6397056,nan,nan,-79,6.5,227,34:56.4,2022-12-01 08:14:33.012785
40.2458272,-111.6397056,nan,nan,-76,6.75,226,34:55.4,2022-12-01 08:14:33.013781
40.2458208,-111.6397056,nan,nan,-86,6.5,225,34:54.4,2022-12-01 08:14:33.014779
40.245808,-111.6397184,nan,nan,-82,6.5,224,34:53.3,2022-12-01 08:14:33.014779
40.245808,-111.6397184,nan,nan,-83,6.25,223,34:52.3,2022-12-01 08:14:33.016776
40.2458048,-111.6397312,nan,nan,-82,6,222,34:51.3,2022-12-01 08:14:33.017778
40.2458048,-111.6397312,nan,nan,-77,6.25,221,34:49.8,2022-12-01 08:14:33.018769
40.2458048,-111.6397312,nan,nan,-76,6.25,220,34:48.8,2022-12-01 08:14:33.018769
40.2458016,-111.639744,nan,nan,-77,6.5,219,34:47.8,2022-12-01 08:14:33.020766
40.2457952,-111.6397568,nan,nan,-77,6.25,218,34:47.1,2022-12-01 08:14:33.021760
40.2457664,-111.639744,-41,-42,-79,6.5,217,34:45.7,2022-12-01 08:14:33.022758
40.2457632,-111.6398592,-36,-42,-75,6.25,216,34:44.3,2022-12-01 08:14:33.947455
40.2457632,-111.6398592,-36,-41,-76,6.75,215,34:42.7,2022-12-01 08:14:34.863070
40.2457632,-111.6398592,nan,nan,-76,6.75,214,34:41.7,2022-12-01 08:14:35.744556
40.2457632,-111.6398592,nan,nan,-76,7,213,34:40.7,2022-12-01 08:14:35.744556
40.2457632,-111.6398592,nan,nan,-78,6.25,212,34:39.7,2022-12-01 08:14:35.758265
40.2457632,-111.6398592,nan,nan,-78,6.75,211,34:38.7,2022-12-01 08:14:35.759262
40.2457728,-111.6400512,nan,nan,-76,6.5,210,34:37.8,2022-12-01 08:14:35.759262
40.2457728,-111.6400512,nan,nan,-77,6.5,209,34:36.8,2022-12-01 08:14:35.760265
40.2457728,-111.6400512,nan,nan,-80,6.75,208,34:35.8,2022-12-01 08:14:35.761258
40.2457728,-111.6400512,nan,nan,-90,6,207,34:35.1,2022-12-01 08:14:35.762253
40.2457728,-111.6400512,-46,-48,-93,5.75,206,34:33.8,2022-12-01 08:14:35.763252
